D,T,Y,E
50000000000000.0,10000000000.0,0.509090909090909,53346183997948329984
50000000000000.0,10005005005.005005,0.509090909090909,53346221204748640256
50000000000000.0,10010010010.01001,0.509090909090909,53346258415079038976
50000000000000.0,10015015015.015015,0.509090909090909,53346295628940992512
50000000000000.0,10020020020.02002,0.509090909090909,53346332846334550016
50000000000000.0,10025025025.025024,0.509090909090909,53346370067265888256
50000000000000.0,10030030030.03003,0.509090909090909,53346407291731795968
50000000000000.0,10035035035.035034,0.509090909090909,53346444519733886976
50000000000000.0,10040040040.040041,0.509090909090909,53346481751278043136
50000000000000.0,10045045045.045046,0.509090909090909,53346518986360299520
50000000000000.0,10050050050.05005,0.509090909090909,53346556224984809472
50000000000000.0,10055055055.055056,0.509090909090909,53346593467156086784
50000000000000.0,10060060060.06006,0.509090909090909,53346630712869634048
50000000000000.0,10065065065.065065,0.509090909090909,53346667962130038784
50000000000000.0,10070070070.07007,0.509090909090909,53346705214940192768
50000000000000.0,10075075075.075075,0.509090909090909,53346742471300210688
50000000000000.0,10080080080.08008,0.509090909090909,53346779731209969664
50000000000000.0,10085085085.085085,0.509090909090909,53346816994672820224
50000000000000.0,10090090090.09009,0.509090909090909,53346854261691219968
50000000000000.0,10095095095.095095,0.509090909090909,53346891532265586688
50000000000000.0,10100100100.1001,0.509090909090909,53346928806395781120
50000000000000.0,10105105105.105104,0.509090909090909,53346966084084957184
50000000000000.0,10110110110.11011,0.509090909090909,53347003365335719936
50000000000000.0,10115115115.115114,0.509090909090909,53347040650147078144
50000000000000.0,10120120120.120121,0.509090909090909,53347077938522447872
50000000000000.0,10125125125.125126,0.509090909090909,53347115230462050304
50000000000000.0,10130130130.13013,0.509090909090909,53347152525968015360
50000000000000.0,10135135135.135136,0.509090909090909,53347189825040384000
50000000000000.0,10140140140.14014,0.509090909090909,53347227127685971968
50000000000000.0,10145145145.145145,0.509090909090909,53347264433901133824
50000000000000.0,10150150150.15015,0.509090909090909,53347301743685902336
50000000000000.0,10155155155.155155,0.509090909090909,53347339057045659648
50000000000000.0,10160160160.16016,0.509090909090909,53347376373980774400
50000000000000.0,10165165165.165165,0.509090909090909,53347413694493712384
50000000000000.0,10170170170.17017,0.509090909090909,53347451018581311488
50000000000000.0,10175175175.175175,0.509090909090909,53347488346252140544
50000000000000.0,10180180180.18018,0.509090909090909,53347525677502717952
50000000000000.0,10185185185.185184,0.509090909090909,53347563012336222208
50000000000000.0,10190190190.19019,0.509090909090909,53347600350754684928
50000000000000.0,10195195195.195194,0.509090909090909,53347637692755279872
50000000000000.0,10200200200.200201,0.509090909090909,53347675038345576448
50000000000000.0,10205205205.205206,0.509090909090909,53347712387523166208
50000000000000.0,10210210210.21021,0.509090909090909,53347749740292628480
50000000000000.0,10215215215.215216,0.509090909090909,53347787096652447744
50000000000000.0,10220220220.22022,0.509090909090909,53347824456604213248
50000000000000.0,10225225225.225225,0.509090909090909,53347861820149268480
50000000000000.0,10230230230.23023,0.509090909090909,53347899187292225536
50000000000000.0,10235235235.235235,0.509090909090909,53347936558033313792
50000000000000.0,10240240240.24024,0.509090909090909,53347973932371124224
50000000000000.0,10245245245.245245,0.509090909090909,53348011310310236160
50000000000000.0,10250250250.25025,0.509090909090909,53348048691849715712
50000000000000.0,10255255255.255255,0.509090909090909,53348086076993200128
50000000000000.0,10260260260.26026,0.509090909090909,53348123465740288000
50000000000000.0,10265265265.265265,0.509090909090909,53348160858093379584
50000000000000.0,10270270270.27027,0.509090909090909,53348198254054899712
50000000000000.0,10275275275.275276,0.509090909090909,53348235653624250368
50000000000000.0,10280280280.280281,0.509090909090909,53348273056804028416
50000000000000.0,10285285285.285286,0.509090909090909,53348310463596437504
50000000000000.0,10290290290.29029,0.509090909090909,53348347874000936960
50000000000000.0,10295295295.295296,0.509090909090909,53348385288019238912
50000000000000.0,10300300300.3003,0.509090909090909,53348422705655578624
50000000000000.0,10305305305.305305,0.509090909090909,53348460126910128128
50000000000000.0,10310310310.31031,0.509090909090909,53348497551780700160
50000000000000.0,10315315315.315315,0.509090909090909,53348534980271988736
50000000000000.0,10320320320.32032,0.509090909090909,53348572412386361344
50000000000000.0,10325325325.325325,0.509090909090909,53348609848122769408
50000000000000.0,10330330330.33033,0.509090909090909,53348647287484628992
50000000000000.0,10335335335.335335,0.509090909090909,53348684730472546304
50000000000000.0,10340340340.34034,0.509090909090909,53348722177086767104
50000000000000.0,10345345345.345345,0.509090909090909,53348759627331518464
50000000000000.0,10350350350.35035,0.509090909090909,53348797081205710848
50000000000000.0,10355355355.355356,0.509090909090909,53348834538711711744
50000000000000.0,10360360360.360361,0.509090909090909,53348871999849938944
50000000000000.0,10365365365.365366,0.509090909090909,53348909464623611904
50000000000000.0,10370370370.37037,0.509090909090909,53348946933033517056
50000000000000.0,10375375375.375376,0.509090909090909,53348984405080506368
50000000000000.0,10380380380.38038,0.509090909090909,53349021880766668800
50000000000000.0,10385385385.385386,0.509090909090909,53349059360090947584
50000000000000.0,10390390390.39039,0.509090909090909,53349096843059101696
50000000000000.0,10395395395.395395,0.509090909090909,53349134329669926912
50000000000000.0,10400400400.4004,0.509090909090909,53349171819924807680
50000000000000.0,10405405405.405405,0.509090909090909,53349209313824563200
50000000000000.0,10410410410.41041,0.509090909090909,53349246811372912640
50000000000000.0,10415415415.415415,0.509090909090909,53349284312570347520
50000000000000.0,10420420420.42042,0.509090909090909,53349321817416540160
50000000000000.0,10425425425.425425,0.509090909090909,53349359325914398720
50000000000000.0,10430430430.430431,0.509090909090909,53349396838064914432
50000000000000.0,10435435435.435436,0.509090909090909,53349434353868996608
50000000000000.0,10440440440.440441,0.509090909090909,53349471873330864128
50000000000000.0,10445445445.445446,0.509090909090909,53349509396448968704
50000000000000.0,10450450450.45045,0.509090909090909,53349546923224260608
50000000000000.0,10455455455.455456,0.509090909090909,53349584453659582464
50000000000000.0,10460460460.46046,0.509090909090909,53349621987756785664
50000000000000.0,10465465465.465466,0.509090909090909,53349659525516713984
50000000000000.0,10470470470.47047,0.509090909090909,53349697066939711488
50000000000000.0,10475475475.475475,0.509090909090909,53349734612028137472
50000000000000.0,10480480480.48048,0.509090909090909,53349772160783630336
50000000000000.0,10485485485.485485,0.509090909090909,53349809713207468032
50000000000000.0,10490490490.49049,0.509090909090909,53349847269299937280
50000000000000.0,10495495495.495495,0.509090909090909,53349884829062774784
50000000000000.0,10500500500.5005,0.509090909090909,53349922392499322880
50000000000000.0,10505505505.505505,0.509090909090909,53349959959609049088
50000000000000.0,10510510510.510511,0.509090909090909,53349997530393755648
50000000000000.0,10515515515.515516,0.509090909090909,53350035104854810624
50000000000000.0,10520520520.520521,0.509090909090909,53350072682992205824
50000000000000.0,10525525525.525526,0.509090909090909,53350110264809717760
50000000000000.0,10530530530.53053,0.509090909090909,53350147850307395584
50000000000000.0,10535535535.535536,0.509090909090909,53350185439487238144
50000000000000.0,10540540540.54054,0.509090909090909,53350223032349925376
50000000000000.0,10545545545.545546,0.509090909090909,53350260628897865728
50000000000000.0,10550550550.55055,0.509090909090909,53350298229130526720
50000000000000.0,10555555555.555555,0.509090909090909,53350335833051381760
50000000000000.0,10560560560.56056,0.509090909090909,53350373440659939328
50000000000000.0,10565565565.565565,0.509090909090909,53350411051958525952
50000000000000.0,10570570570.57057,0.509090909090909,53350448666948689920
50000000000000.0,10575575575.575575,0.509090909090909,53350486285632380928
50000000000000.0,10580580580.58058,0.509090909090909,53350523908008697856
50000000000000.0,10585585585.585587,0.509090909090909,53350561534080106496
50000000000000.0,10590590590.590591,0.509090909090909,53350599163849555968
50000000000000.0,10595595595.595596,0.509090909090909,53350636797316235264
50000000000000.0,10600600600.600601,0.509090909090909,53350674434482864128
50000000000000.0,10605605605.605606,0.509090909090909,53350712075350466560
50000000000000.0,10610610610.610611,0.509090909090909,53350749719919198208
50000000000000.0,10615615615.615616,0.509090909090909,53350787368192507904
50000000000000.0,10620620620.62062,0.509090909090909,53350825020169158656
50000000000000.0,10625625625.625626,0.509090909090909,53350862675853271040
50000000000000.0,10630630630.63063,0.509090909090909,53350900335243485184
50000000000000.0,10635635635.635635,0.509090909090909,53350937998342545408
50000000000000.0,10640640640.64064,0.509090909090909,53350975665152860160
50000000000000.0,10645645645.645645,0.509090909090909,53351013335674372096
50000000000000.0,10650650650.65065,0.509090909090909,53351051009908834304
50000000000000.0,10655655655.655655,0.509090909090909,53351088687855370240
50000000000000.0,10660660660.66066,0.509090909090909,53351126369519591424
50000000000000.0,10665665665.665665,0.509090909090909,53351164054900236288
50000000000000.0,10670670670.670671,0.509090909090909,53351201743998541824
50000000000000.0,10675675675.675676,0.509090909090909,53351239436816211968
50000000000000.0,10680680680.680681,0.509090909090909,53351277133354524672
50000000000000.0,10685685685.685686,0.509090909090909,53351314833614987264
50000000000000.0,10690690690.690691,0.509090909090909,53351352537599139840
50000000000000.0,10695695695.695696,0.509090909090909,53351390245307883520
50000000000000.0,10700700700.7007,0.509090909090909,53351427956742823936
50000000000000.0,10705705705.705706,0.509090909090909,53351465671904305152
50000000000000.0,10710710710.71071,0.509090909090909,53351503390795407360
50000000000000.0,10715715715.715715,0.509090909090909,53351541113415598080
50000000000000.0,10720720720.72072,0.509090909090909,53351578839767826432
50000000000000.0,10725725725.725725,0.509090909090909,53351616569851731968
50000000000000.0,10730730730.73073,0.509090909090909,53351654303670599680
50000000000000.0,10735735735.735735,0.509090909090909,53351692041223798784
50000000000000.0,10740740740.74074,0.509090909090909,53351729782514843648
50000000000000.0,10745745745.745747,0.509090909090909,53351767527541563392
50000000000000.0,10750750750.750751,0.509090909090909,53351805276308668416
50000000000000.0,10755755755.755756,0.509090909090909,53351843028815364096
50000000000000.0,10760760760.760761,0.509090909090909,53351880785064828928
50000000000000.0,10765765765.765766,0.509090909090909,53351918545057832960
50000000000000.0,10770770770.770771,0.509090909090909,53351956308793442304
50000000000000.0,10775775775.775776,0.509090909090909,53351994076274933760
50000000000000.0,10780780780.78078,0.509090909090909,53352031847504199680
50000000000000.0,10785785785.785786,0.509090909090909,53352069622482288640
50000000000000.0,10790790790.79079,0.509090909090909,53352107401208168448
50000000000000.0,10795795795.795795,0.509090909090909,53352145183686090752
50000000000000.0,10800800800.8008,0.509090909090909,53352182969915342848
50000000000000.0,10805805805.805805,0.509090909090909,53352220759898546176
50000000000000.0,10810810810.81081,0.509090909090909,53352258553636519936
50000000000000.0,10815815815.815815,0.509090909090909,53352296351129231360
50000000000000.0,10820820820.82082,0.509090909090909,53352334152379523072
50000000000000.0,10825825825.825827,0.509090909090909,53352371957388705792
50000000000000.0,10830830830.830832,0.509090909090909,53352409766157910016
50000000000000.0,10835835835.835836,0.509090909090909,53352447578688364544
50000000000000.0,10840840840.840841,0.509090909090909,53352485394980986880
50000000000000.0,10845845845.845846,0.509090909090909,53352523215036162048
50000000000000.0,10850850850.850851,0.509090909090909,53352561038857314304
50000000000000.0,10855855855.855856,0.509090909090909,53352598866445385728
50000000000000.0,10860860860.86086,0.509090909090909,53352636697799524352
50000000000000.0,10865865865.865866,0.509090909090909,53352674532921876480
50000000000000.0,10870870870.87087,0.509090909090909,53352712371815079936
50000000000000.0,10875875875.875875,0.509090909090909,53352750214480920576
50000000000000.0,10880880880.88088,0.509090909090909,53352788060916981760
50000000000000.0,10885885885.885885,0.509090909090909,53352825911128719360
50000000000000.0,10890890890.89089,0.509090909090909,53352863765113724928
50000000000000.0,10895895895.895895,0.509090909090909,53352901622877298688
50000000000000.0,10900900900.900902,0.509090909090909,53352939484417277952
50000000000000.0,10905905905.905907,0.509090909090909,53352977349736620032
50000000000000.0,10910910910.910912,0.509090909090909,53353015218834227200
50000000000000.0,10915915915.915916,0.509090909090909,53353053091714531328
50000000000000.0,10920920920.920921,0.509090909090909,53353090968378130432
50000000000000.0,10925925925.925926,0.509090909090909,53353128848825720832
50000000000000.0,10930930930.930931,0.509090909090909,53353166733057892352
50000000000000.0,10935935935.935936,0.509090909090909,53353204621074841600
50000000000000.0,10940940940.94094,0.509090909090909,53353242512881475584
50000000000000.0,10945945945.945946,0.509090909090909,53353280408476991488
50000000000000.0,10950950950.95095,0.509090909090909,53353318307862183936
50000000000000.0,10955955955.955956,0.509090909090909,53353356211037044736
50000000000000.0,10960960960.96096,0.509090909090909,53353394118007947264
50000000000000.0,10965965965.965965,0.509090909090909,53353432028771647488
50000000000000.0,10970970970.97097,0.509090909090909,53353469943329857536
50000000000000.0,10975975975.975975,0.509090909090909,53353507861684903936
50000000000000.0,10980980980.980982,0.509090909090909,53353545783836688384
50000000000000.0,10985985985.985987,0.509090909090909,53353583709787807744
50000000000000.0,10990990990.990992,0.509090909090909,53353621639539474432
50000000000000.0,10995995995.995996,0.509090909090909,53353659573093539840
50000000000000.0,11001001001.001001,0.509090909090909,53353697510447874048
50000000000000.0,11006006006.006006,0.509090909090909,53353735451606704128
50000000000000.0,11011011011.011011,0.509090909090909,53353773396571103232
50000000000000.0,11016016016.016016,0.509090909090909,53353811345342963712
50000000000000.0,11021021021.02102,0.509090909090909,53353849297922244608
50000000000000.0,11026026026.026026,0.509090909090909,53353887254306299904
50000000000000.0,11031031031.03103,0.509090909090909,53353925214504468480
50000000000000.0,11036036036.036036,0.509090909090909,53353963178512515072
50000000000000.0,11041041041.04104,0.509090909090909,53354001146333995008
50000000000000.0,11046046046.046045,0.509090909090909,53354039117967998976
50000000000000.0,11051051051.05105,0.509090909090909,53354077093415755776
50000000000000.0,11056056056.056057,0.509090909090909,53354115072681631744
50000000000000.0,11061061061.061062,0.509090909090909,53354153055766355968
50000000000000.0,11066066066.066067,0.509090909090909,53354191042668584960
50000000000000.0,11071071071.071072,0.509090909090909,53354229033387712512
50000000000000.0,11076076076.076077,0.509090909090909,53354267027930759168
50000000000000.0,11081081081.081081,0.509090909090909,53354305026294210560
50000000000000.0,11086086086.086086,0.509090909090909,53354343028484243456
50000000000000.0,11091091091.091091,0.509090909090909,53354381034497564672
50000000000000.0,11096096096.096096,0.509090909090909,53354419044332011520
50000000000000.0,11101101101.1011,0.509090909090909,53354457057998184448
50000000000000.0,11106106106.106106,0.509090909090909,53354495075494174720
50000000000000.0,11111111111.11111,0.509090909090909,53354533096818130944
50000000000000.0,11116116116.116116,0.509090909090909,53354571121969496064
50000000000000.0,11121121121.12112,0.509090909090909,53354609150956068864
50000000000000.0,11126126126.126125,0.509090909090909,53354647183775694848
50000000000000.0,11131131131.13113,0.509090909090909,53354685220431151104
50000000000000.0,11136136136.136135,0.509090909090909,53354723260919005184
50000000000000.0,11141141141.141142,0.509090909090909,53354761305244696576
50000000000000.0,11146146146.146147,0.509090909090909,53354799353407045632
50000000000000.0,11151151151.151152,0.509090909090909,53354837405411762176
50000000000000.0,11156156156.156157,0.509090909090909,53354875461255020544
50000000000000.0,11161161161.161161,0.509090909090909,53354913520938246144
50000000000000.0,11166166166.166166,0.509090909090909,53354951584467476480
50000000000000.0,11171171171.171171,0.509090909090909,53354989651838902272
50000000000000.0,11176176176.176176,0.509090909090909,53355027723055529984
50000000000000.0,11181181181.181181,0.509090909090909,53355065798118531072
50000000000000.0,11186186186.186186,0.509090909090909,53355103877028896768
50000000000000.0,11191191191.19119,0.509090909090909,53355141959787888640
50000000000000.0,11196196196.196196,0.509090909090909,53355180046398595072
50000000000000.0,11201201201.2012,0.509090909090909,53355218136858574848
50000000000000.0,11206206206.206205,0.509090909090909,53355256231170752512
50000000000000.0,11211211211.211212,0.509090909090909,53355294329336692736
50000000000000.0,11216216216.216217,0.509090909090909,53355332431356837888
50000000000000.0,11221221221.221222,0.509090909090909,53355370537234489344
50000000000000.0,11226226226.226227,0.509090909090909,53355408646968123392
50000000000000.0,11231231231.231232,0.509090909090909,53355446760559181824
50000000000000.0,11236236236.236237,0.509090909090909,53355484878010523648
50000000000000.0,11241241241.241241,0.509090909090909,53355522999323320320
50000000000000.0,11246246246.246246,0.509090909090909,53355561124496957440
50000000000000.0,11251251251.251251,0.509090909090909,53355599253531328512
50000000000000.0,11256256256.256256,0.509090909090909,53355637386432208896
50000000000000.0,11261261261.261261,0.509090909090909,53355675523199148032
50000000000000.0,11266266266.266266,0.509090909090909,53355713663830368256
50000000000000.0,11271271271.27127,0.509090909090909,53355751808331448320
50000000000000.0,11276276276.276276,0.509090909090909,53355789956699217920
50000000000000.0,11281281281.28128,0.509090909090909,53355828108939206656
50000000000000.0,11286286286.286285,0.509090909090909,53355866265048055808
50000000000000.0,11291291291.29129,0.509090909090909,53355904425030066176
50000000000000.0,11296296296.296297,0.509090909090909,53355942588886728704
50000000000000.0,11301301301.301302,0.509090909090909,53355980756615634944
50000000000000.0,11306306306.306307,0.509090909090909,53356018928221085696
50000000000000.0,11311311311.311312,0.509090909090909,53356057103704219648
50000000000000.0,11316316316.316317,0.509090909090909,53356095283064881152
50000000000000.0,11321321321.321321,0.509090909090909,53356133466305552384
50000000000000.0,11326326326.326326,0.509090909090909,53356171653425979392
50000000000000.0,11331331331.331331,0.509090909090909,53356209844428750848
50000000000000.0,11336336336.336336,0.509090909090909,53356248039313580032
50000000000000.0,11341341341.341341,0.509090909090909,53356286238083031040
50000000000000.0,11346346346.346346,0.509090909090909,53356324440736964608
50000000000000.0,11351351351.35135,0.509090909090909,53356362647275069440
50000000000000.0,11356356356.356356,0.509090909090909,53356400857704079360
50000000000000.0,11361361361.36136,0.509090909090909,53356439072018325504
50000000000000.0,11366366366.366367,0.509090909090909,53356477290226163712
50000000000000.0,11371371371.371372,0.509090909090909,53356515512319803392
50000000000000.0,11376376376.376377,0.509090909090909,53356553738311204864
50000000000000.0,11381381381.381382,0.509090909090909,53356591968189956096
50000000000000.0,11386386386.386387,0.509090909090909,53356630201968762880
50000000000000.0,11391391391.391392,0.509090909090909,53356668439637417984
50000000000000.0,11396396396.396397,0.509090909090909,53356706681205645312
50000000000000.0,11401401401.401402,0.509090909090909,53356744926671036416
50000000000000.0,11406406406.406406,0.509090909090909,53356783176034779136
50000000000000.0,11411411411.411411,0.509090909090909,53356821429299027968
50000000000000.0,11416416416.416416,0.509090909090909,53356859686465019904
50000000000000.0,11421421421.421421,0.509090909090909,53356897947532713984
50000000000000.0,11426426426.426426,0.509090909090909,53356936212503199744
50000000000000.0,11431431431.43143,0.509090909090909,53356974481378951168
50000000000000.0,11436436436.436436,0.509090909090909,53357012754157297664
50000000000000.0,11441441441.44144,0.509090909090909,53357051030847848448
50000000000000.0,11446446446.446445,0.509090909090909,53357089311441051648
50000000000000.0,11451451451.45145,0.509090909090909,53357127595948367872
50000000000000.0,11456456456.456457,0.509090909090909,53357165884362211328
50000000000000.0,11461461461.461462,0.509090909090909,53357204176687800320
50000000000000.0,11466466466.466467,0.509090909090909,53357242472926568448
50000000000000.0,11471471471.471472,0.509090909090909,53357280773079433216
50000000000000.0,11476476476.476477,0.509090909090909,53357319077146320896
50000000000000.0,11481481481.481482,0.509090909090909,53357357385126535168
50000000000000.0,11486486486.486486,0.509090909090909,53357395697028464640
50000000000000.0,11491491491.491491,0.509090909090909,53357434012843614208
50000000000000.0,11496496496.496496,0.509090909090909,53357472332582862848
50000000000000.0,11501501501.501501,0.509090909090909,53357510656237600768
50000000000000.0,11506506506.506506,0.509090909090909,53357548983817453568
50000000000000.0,11511511511.51151,0.509090909090909,53357587315317104640
50000000000000.0,11516516516.516516,0.509090909090909,53357625650743263232
50000000000000.0,11521521521.521523,0.509090909090909,53357663990090891264
50000000000000.0,11526526526.526527,0.509090909090909,53357702333365739520
50000000000000.0,11531531531.531532,0.509090909090909,53357740680568053760
50000000000000.0,11536536536.536537,0.509090909090909,53357779031697776640
50000000000000.0,11541541541.541542,0.509090909090909,53357817386757464064
50000000000000.0,11546546546.546547,0.509090909090909,53357855745747083264
50000000000000.0,11551551551.551552,0.509090909090909,53357894108668534784
50000000000000.0,11556556556.556557,0.509090909090909,53357932475522031616
50000000000000.0,11561561561.561562,0.509090909090909,53357970846309883904
50000000000000.0,11566566566.566566,0.509090909090909,53358009221031837696
50000000000000.0,11571571571.571571,0.509090909090909,53358047599689121792
50000000000000.0,11576576576.576576,0.509090909090909,53358085982282924032
50000000000000.0,11581581581.581581,0.509090909090909,53358124368816414720
50000000000000.0,11586586586.586586,0.509090909090909,53358162759287562240
50000000000000.0,11591591591.59159,0.509090909090909,53358201153701380096
50000000000000.0,11596596596.596596,0.509090909090909,53358239552053207040
50000000000000.0,11601601601.6016,0.509090909090909,53358277954350784512
50000000000000.0,11606606606.606606,0.509090909090909,53358316360588779520
50000000000000.0,11611611611.611612,0.509090909090909,53358354770773729280
50000000000000.0,11616616616.616617,0.509090909090909,53358393184903831552
50000000000000.0,11621621621.621622,0.509090909090909,53358431602978922496
50000000000000.0,11626626626.626627,0.509090909090909,53358470025004974080
50000000000000.0,11631631631.631632,0.509090909090909,53358508450977644544
50000000000000.0,11636636636.636637,0.509090909090909,53358546880902111232
50000000000000.0,11641641641.641642,0.509090909090909,53358585314776358912
50000000000000.0,11646646646.646646,0.509090909090909,53358623752604983296
50000000000000.0,11651651651.651651,0.509090909090909,53358662194384011264
50000000000000.0,11656656656.656656,0.509090909090909,53358700640118898688
50000000000000.0,11661661661.661661,0.509090909090909,53358739089809440768
50000000000000.0,11666666666.666666,0.509090909090909,53358777543456727040
50000000000000.0,11671671671.67167,0.509090909090909,53358816001061855232
50000000000000.0,11676676676.676676,0.509090909090909,53358854462625529856
50000000000000.0,11681681681.681683,0.509090909090909,53358892928148570112
50000000000000.0,11686686686.686687,0.509090909090909,53358931397633482752
50000000000000.0,11691691691.691692,0.509090909090909,53358969871079440384
50000000000000.0,11696696696.696697,0.509090909090909,53359008348489089024
50000000000000.0,11701701701.701702,0.509090909090909,53359046829862510592
50000000000000.0,11706706706.706707,0.509090909090909,53359085315200565248
50000000000000.0,11711711711.711712,0.509090909090909,53359123804507201536
50000000000000.0,11716716716.716717,0.509090909090909,53359162297778667520
50000000000000.0,11721721721.721722,0.509090909090909,53359200795021238272
50000000000000.0,11726726726.726727,0.509090909090909,53359239296230817792
50000000000000.0,11731731731.731731,0.509090909090909,53359277801413058560
50000000000000.0,11736736736.736736,0.509090909090909,53359316310565142528
50000000000000.0,11741741741.741741,0.509090909090909,53359354823692230656
50000000000000.0,11746746746.746746,0.509090909090909,53359393340791013376
50000000000000.0,11751751751.75175,0.509090909090909,53359431861865275392
50000000000000.0,11756756756.756756,0.509090909090909,53359470386915631104
50000000000000.0,11761761761.76176,0.509090909090909,53359508915943432192
50000000000000.0,11766766766.766768,0.509090909090909,53359547448948842496
50000000000000.0,11771771771.771772,0.509090909090909,53359585985933737984
50000000000000.0,11776776776.776777,0.509090909090909,53359624526898683904
50000000000000.0,11781781781.781782,0.509090909090909,53359663071844466688
50000000000000.0,11786786786.786787,0.509090909090909,53359701620773191680
50000000000000.0,11791791791.791792,0.509090909090909,53359740173685153792
50000000000000.0,11796796796.796797,0.509090909090909,53359778730581647360
50000000000000.0,11801801801.801802,0.509090909090909,53359817291462361088
50000000000000.0,11806806806.806807,0.509090909090909,53359855856331964416
50000000000000.0,11811811811.811811,0.509090909090909,53359894425186951168
50000000000000.0,11816816816.816816,0.509090909090909,53359932998032441344
50000000000000.0,11821821821.821821,0.509090909090909,53359971574866305024
50000000000000.0,11826826826.826826,0.509090909090909,53360010155692113920
50000000000000.0,11831831831.831831,0.509090909090909,53360048740508647424
50000000000000.0,11836836836.836838,0.509090909090909,53360087329318240256
50000000000000.0,11841841841.841843,0.509090909090909,53360125922122072064
50000000000000.0,11846846846.846848,0.509090909090909,53360164518920536064
50000000000000.0,11851851851.851852,0.509090909090909,53360203119716122624
50000000000000.0,11856856856.856857,0.509090909090909,53360241724506742784
50000000000000.0,11861861861.861862,0.509090909090909,53360280333297393664
50000000000000.0,11866866866.866867,0.509090909090909,53360318946085511168
50000000000000.0,11871871871.871872,0.509090909090909,53360357562875576320
50000000000000.0,11876876876.876877,0.509090909090909,53360396183664877568
50000000000000.0,11881881881.881882,0.509090909090909,53360434808457568256
50000000000000.0,11886886886.886887,0.509090909090909,53360473437253509120
50000000000000.0,11891891891.891891,0.509090909090909,53360512070053863424
50000000000000.0,11896896896.896896,0.509090909090909,53360550706859909120
50000000000000.0,11901901901.901901,0.509090909090909,53360589347671842816
50000000000000.0,11906906906.906906,0.509090909090909,53360627992491417600
50000000000000.0,11911911911.911911,0.509090909090909,53360666641319632896
50000000000000.0,11916916916.916916,0.509090909090909,53360705294157307904
50000000000000.0,11921921921.92192,0.509090909090909,53360743951005466624
50000000000000.0,11926926926.926928,0.509090909090909,53360782611864592384
50000000000000.0,11931931931.931932,0.509090909090909,53360821276736962560
50000000000000.0,11936936936.936937,0.509090909090909,53360859945622962176
50000000000000.0,11941941941.941942,0.509090909090909,53360898618523435008
50000000000000.0,11946946946.946947,0.509090909090909,53360937295439806464
50000000000000.0,11951951951.951952,0.509090909090909,53360975976372822016
50000000000000.0,11956956956.956957,0.509090909090909,53361014661323382784
50000000000000.0,11961961961.961962,0.509090909090909,53361053350293340160
50000000000000.0,11966966966.966967,0.509090909090909,53361092043282440192
50000000000000.0,11971971971.971972,0.509090909090909,53361130740292460544
50000000000000.0,11976976976.976976,0.509090909090909,53361169441323925504
50000000000000.0,11981981981.981981,0.509090909090909,53361208146379554816
50000000000000.0,11986986986.986986,0.509090909090909,53361246855457587200
50000000000000.0,11991991991.991993,0.509090909090909,53361285568562028544
50000000000000.0,11996996996.996998,0.509090909090909,53361324285690781696
50000000000000.0,12002002002.002003,0.509090909090909,53361363006848344064
50000000000000.0,12007007007.007008,0.509090909090909,53361401732031905792
50000000000000.0,12012012012.012012,0.509090909090909,53361440461246005248
50000000000000.0,12017017017.017017,0.509090909090909,53361479194489225216
50000000000000.0,12022022022.022022,0.509090909090909,53361517931763646464
50000000000000.0,12027027027.027027,0.509090909090909,53361556673069654016
50000000000000.0,12032032032.032032,0.509090909090909,53361595418409181184
50000000000000.0,12037037037.037037,0.509090909090909,53361634167782907904
50000000000000.0,12042042042.042042,0.509090909090909,53361672921191415808
50000000000000.0,12047047047.047047,0.509090909090909,53361711678636023808
50000000000000.0,12052052052.052052,0.509090909090909,53361750440117837824
50000000000000.0,12057057057.057056,0.509090909090909,53361789205637357568
50000000000000.0,12062062062.062061,0.509090909090909,53361827975195312128
50000000000000.0,12067067067.067066,0.509090909090909,53361866748795387904
50000000000000.0,12072072072.072071,0.509090909090909,53361905526434496512
50000000000000.0,12077077077.077076,0.509090909090909,53361944308117151744
50000000000000.0,12082082082.082083,0.509090909090909,53361983093842280448
50000000000000.0,12087087087.087088,0.509090909090909,53362021883611054080
50000000000000.0,12092092092.092093,0.509090909090909,53362060677425160192
50000000000000.0,12097097097.097097,0.509090909090909,53362099475285958656
50000000000000.0,12102102102.102102,0.509090909090909,53362138277193318400
50000000000000.0,12107107107.107107,0.509090909090909,53362177083148525568
50000000000000.0,12112112112.112112,0.509090909090909,53362215893153488896
50000000000000.0,12117117117.117117,0.509090909090909,53362254707207036928
50000000000000.0,12122122122.122122,0.509090909090909,53362293525313282048
50000000000000.0,12127127127.127127,0.509090909090909,53362332347469963264
50000000000000.0,12132132132.132132,0.509090909090909,53362371173682503680
50000000000000.0,12137137137.137136,0.509090909090909,53362410003946283008
50000000000000.0,12142142142.142141,0.509090909090909,53362448838266617856
50000000000000.0,12147147147.147148,0.509090909090909,53362487676641746944
50000000000000.0,12152152152.152153,0.509090909090909,53362526519075356672
50000000000000.0,12157157157.157158,0.509090909090909,53362565365565784064
50000000000000.0,12162162162.162163,0.509090909090909,53362604216115240960
50000000000000.0,12167167167.167168,0.509090909090909,53362643070725029888
50000000000000.0,12172172172.172173,0.509090909090909,53362681929396461568
50000000000000.0,12177177177.177177,0.509090909090909,53362720792129134592
50000000000000.0,12182182182.182182,0.509090909090909,53362759658924605440
50000000000000.0,12187187187.187187,0.509090909090909,53362798529784053760
50000000000000.0,12192192192.192192,0.509090909090909,53362837404708732928
50000000000000.0,12197197197.197197,0.509090909090909,53362876283699281920
50000000000000.0,12202202202.202202,0.509090909090909,53362915166754791424
50000000000000.0,12207207207.207207,0.509090909090909,53362954053881331712
50000000000000.0,12212212212.212212,0.509090909090909,53362992945074479104
50000000000000.0,12217217217.217216,0.509090909090909,53363031840338731008
50000000000000.0,12222222222.222221,0.509090909090909,53363070739672293376
50000000000000.0,12227227227.227226,0.509090909090909,53363109643079868416
50000000000000.0,12232232232.232231,0.509090909090909,53363148550556983296
50000000000000.0,12237237237.237236,0.509090909090909,53363187462110126080
50000000000000.0,12242242242.242243,0.509090909090909,53363226377736822784
50000000000000.0,12247247247.247248,0.509090909090909,53363265297440006144
50000000000000.0,12252252252.252253,0.509090909090909,53363304221218947072
50000000000000.0,12257257257.257257,0.509090909090909,53363343149075390464
50000000000000.0,12262262262.262262,0.509090909090909,53363382081011523584
50000000000000.0,12267267267.267267,0.509090909090909,53363421017025642496
50000000000000.0,12272272272.272272,0.509090909090909,53363459957122908160
50000000000000.0,12277277277.277277,0.509090909090909,53363498901297692672
50000000000000.0,12282282282.282282,0.509090909090909,53363537849558695936
50000000000000.0,12287287287.287287,0.509090909090909,53363576801899159552
50000000000000.0,12292292292.292292,0.509090909090909,53363615758326775808
50000000000000.0,12297297297.297297,0.509090909090909,53363654718838972416
50000000000000.0,12302302302.302303,0.509090909090909,53363693683436937216
50000000000000.0,12307307307.307308,0.509090909090909,53363732652123512832
50000000000000.0,12312312312.312313,0.509090909090909,53363771624896684032
50000000000000.0,12317317317.317318,0.509090909090909,53363810601760473088
50000000000000.0,12322322322.322323,0.509090909090909,53363849582713847808
50000000000000.0,12327327327.327328,0.509090909090909,53363888567757529088
50000000000000.0,12332332332.332333,0.509090909090909,53363927556893908992
50000000000000.0,12337337337.337337,0.509090909090909,53363966550122471424
50000000000000.0,12342342342.342342,0.509090909090909,53364005547444404224
50000000000000.0,12347347347.347347,0.509090909090909,53364044548864065536
50000000000000.0,12352352352.352352,0.509090909090909,53364083554375294976
50000000000000.0,12357357357.357357,0.509090909090909,53364122563988856832
50000000000000.0,12362362362.362362,0.509090909090909,53364161577694363648
50000000000000.0,12367367367.367367,0.509090909090909,53364200595504177152
50000000000000.0,12372372372.372372,0.509090909090909,53364239617407909888
50000000000000.0,12377377377.377377,0.509090909090909,53364278643415269376
50000000000000.0,12382382382.382381,0.509090909090909,53364317673523576832
50000000000000.0,12387387387.387386,0.509090909090909,53364356707734962176
50000000000000.0,12392392392.392391,0.509090909090909,53364395746050277376
50000000000000.0,12397397397.397398,0.509090909090909,53364434788468088832
50000000000000.0,12402402402.402403,0.509090909090909,53364473834994180096
50000000000000.0,12407407407.407408,0.509090909090909,53364512885621915648
50000000000000.0,12412412412.412413,0.509090909090909,53364551940362764288
50000000000000.0,12417417417.417418,0.509090909090909,53364590999205568512
50000000000000.0,12422422422.422422,0.509090909090909,53364630062163640320
50000000000000.0,12427427427.427427,0.509090909090909,53364669129225396224
50000000000000.0,12432432432.432432,0.509090909090909,53364708200401485824
50000000000000.0,12437437437.437437,0.509090909090909,53364747275688689664
50000000000000.0,12442442442.442442,0.509090909090909,53364786355089350656
50000000000000.0,12447447447.447447,0.509090909090909,53364825438604697600
50000000000000.0,12452452452.452452,0.509090909090909,53364864526233747456
50000000000000.0,12457457457.457458,0.509090909090909,53364903617978105856
50000000000000.0,12462462462.462463,0.509090909090909,53364942713839230976
50000000000000.0,12467467467.467468,0.509090909090909,53364981813818523648
50000000000000.0,12472472472.472473,0.509090909090909,53365020917915344896
50000000000000.0,12477477477.477478,0.509090909090909,53365060026132283392
50000000000000.0,12482482482.482483,0.509090909090909,53365099138465718272
50000000000000.0,12487487487.487488,0.509090909090909,53365138254927118336
50000000000000.0,12492492492.492493,0.509090909090909,53365177375505211392
50000000000000.0,12497497497.497498,0.509090909090909,53365216500210311168
50000000000000.0,12502502502.502502,0.509090909090909,53365255629036847104
50000000000000.0,12507507507.507507,0.509090909090909,53365294761989275648
50000000000000.0,12512512512.512512,0.509090909090909,53365333899066531840
50000000000000.0,12517517517.517517,0.509090909090909,53365373040271351808
50000000000000.0,12522522522.522522,0.509090909090909,53365412185604710400
50000000000000.0,12527527527.527527,0.509090909090909,53365451335065755648
50000000000000.0,12532532532.532532,0.509090909090909,53365490488655421440
50000000000000.0,12537537537.537537,0.509090909090909,53365529646378090496
50000000000000.0,12542542542.542542,0.509090909090909,53365568808231256064
50000000000000.0,12547547547.547546,0.509090909090909,53365607974215868416
50000000000000.0,12552552552.552551,0.509090909090909,53365647144334401536
50000000000000.0,12557557557.557558,0.509090909090909,53365686318587125760
50000000000000.0,12562562562.562563,0.509090909090909,53365725496972926976
50000000000000.0,12567567567.567568,0.509090909090909,53365764679495483392
50000000000000.0,12572572572.572573,0.509090909090909,53365803866155851776
50000000000000.0,12577577577.577578,0.509090909090909,53365843056954802176
50000000000000.0,12582582582.582582,0.509090909090909,53365882251891507200
50000000000000.0,12587587587.587587,0.509090909090909,53365921450968612864
50000000000000.0,12592592592.592592,0.509090909090909,53365960654185365504
50000000000000.0,12597597597.597597,0.509090909090909,53365999861544435712
50000000000000.0,12602602602.602602,0.509090909090909,53366039073045905408
50000000000000.0,12607607607.607607,0.509090909090909,53366078288689242112
50000000000000.0,12612612612.612614,0.509090909090909,53366117508478812160
50000000000000.0,12617617617.617619,0.509090909090909,53366156732411453440
50000000000000.0,12622622622.622623,0.509090909090909,53366195960491876352
50000000000000.0,12627627627.627628,0.509090909090909,53366235192717582336
50000000000000.0,12632632632.632633,0.509090909090909,53366274429092880384
50000000000000.0,12637637637.637638,0.509090909090909,53366313669616779264
50000000000000.0,12642642642.642643,0.509090909090909,53366352914288861184
50000000000000.0,12647647647.647648,0.509090909090909,53366392163113074688
50000000000000.0,12652652652.652653,0.509090909090909,53366431416087322624
50000000000000.0,12657657657.657658,0.509090909090909,53366470673213775872
50000000000000.0,12662662662.662663,0.509090909090909,53366509934495154176
50000000000000.0,12667667667.667667,0.509090909090909,53366549199929131008
50000000000000.0,12672672672.672672,0.509090909090909,53366588469518352384
50000000000000.0,12677677677.677677,0.509090909090909,53366627743264866304
50000000000000.0,12682682682.682682,0.509090909090909,53366667021166862336
50000000000000.0,12687687687.687687,0.509090909090909,53366706303228059648
50000000000000.0,12692692692.692692,0.509090909090909,53366745589446524928
50000000000000.0,12697697697.697697,0.509090909090909,53366784879824592896
50000000000000.0,12702702702.702702,0.509090909090909,53366824174361526272
50000000000000.0,12707707707.707706,0.509090909090909,53366863473061470208
50000000000000.0,12712712712.712713,0.509090909090909,53366902775924662272
50000000000000.0,12717717717.717718,0.509090909090909,53366942082951241728
50000000000000.0,12722722722.722723,0.509090909090909,53366981394140594176
50000000000000.0,12727727727.727728,0.509090909090909,53367020709494865920
50000000000000.0,12732732732.732733,0.509090909090909,53367060029014982656
50000000000000.0,12737737737.737738,0.509090909090909,53367099352701894656
50000000000000.0,12742742742.742743,0.509090909090909,53367138680556167168
50000000000000.0,12747747747.747747,0.509090909090909,53367178012579119104
50000000000000.0,12752752752.752752,0.509090909090909,53367217348772741120
50000000000000.0,12757757757.757757,0.509090909090909,53367256689135132672
50000000000000.0,12762762762.762762,0.509090909090909,53367296033668792320
50000000000000.0,12767767767.767767,0.509090909090909,53367335382373163008
50000000000000.0,12772772772.772774,0.509090909090909,53367374735253700608
50000000000000.0,12777777777.777779,0.509090909090909,53367414092306071552
50000000000000.0,12782782782.782784,0.509090909090909,53367453453533208576
50000000000000.0,12787787787.787788,0.509090909090909,53367492818934644736
50000000000000.0,12792792792.792793,0.509090909090909,53367532188513714176
50000000000000.0,12797797797.797798,0.509090909090909,53367571562270007296
50000000000000.0,12802802802.802803,0.509090909090909,53367610940202115072
50000000000000.0,12807807807.807808,0.509090909090909,53367650322318204928
50000000000000.0,12812812812.812813,0.509090909090909,53367689708610576384
50000000000000.0,12817817817.817818,0.509090909090909,53367729099085004800
50000000000000.0,12822822822.822823,0.509090909090909,53367768493739917312
50000000000000.0,12827827827.827827,0.509090909090909,53367807892578566144
50000000000000.0,12832832832.832832,0.509090909090909,53367847295599468544
50000000000000.0,12837837837.837837,0.509090909090909,53367886702805901312
50000000000000.0,12842842842.842842,0.509090909090909,53367926114196398080
50000000000000.0,12847847847.847847,0.509090909090909,53367965529774104576
50000000000000.0,12852852852.852852,0.509090909090909,53368004949538488320
50000000000000.0,12857857857.857857,0.509090909090909,53368044373490991104
50000000000000.0,12862862862.862862,0.509090909090909,53368083801630965760
50000000000000.0,12867867867.867868,0.509090909090909,53368123233961492480
50000000000000.0,12872872872.872873,0.509090909090909,53368162670481408000
50000000000000.0,12877877877.877878,0.509090909090909,53368202111192760320
50000000000000.0,12882882882.882883,0.509090909090909,53368241556096172032
50000000000000.0,12887887887.887888,0.509090909090909,53368281005193781248
50000000000000.0,12892892892.892893,0.509090909090909,53368320458484023296
50000000000000.0,12897897897.897898,0.509090909090909,53368359915969085440
50000000000000.0,12902902902.902903,0.509090909090909,53368399377649958912
50000000000000.0,12907907907.907907,0.509090909090909,53368438843527913472
50000000000000.0,12912912912.912912,0.509090909090909,53368478313603579904
50000000000000.0,12917917917.917917,0.509090909090909,53368517787876311040
50000000000000.0,12922922922.922922,0.509090909090909,53368557266348015616
50000000000000.0,12927927927.927929,0.509090909090909,53368596749019406336
50000000000000.0,12932932932.932934,0.509090909090909,53368636235891769344
50000000000000.0,12937937937.937939,0.509090909090909,53368675726965874688
50000000000000.0,12942942942.942944,0.509090909090909,53368715222242811904
50000000000000.0,12947947947.947948,0.509090909090909,53368754721722703872
50000000000000.0,12952952952.952953,0.509090909090909,53368794225406803968
50000000000000.0,12957957957.957958,0.509090909090909,53368833733296791552
50000000000000.0,12962962962.962963,0.509090909090909,53368873245392158720
50000000000000.0,12967967967.967968,0.509090909090909,53368912761693978624
50000000000000.0,12972972972.972973,0.509090909090909,53368952282202447872
50000000000000.0,12977977977.977978,0.509090909090909,53368991806920679424
50000000000000.0,12982982982.982983,0.509090909090909,53369031335848943616
50000000000000.0,12987987987.987988,0.509090909090909,53369070868986216448
50000000000000.0,12992992992.992992,0.509090909090909,53369110406334840832
50000000000000.0,12997997997.997997,0.509090909090909,53369149947894341632
50000000000000.0,13003003003.003002,0.509090909090909,53369189493667250176
50000000000000.0,13008008008.008007,0.509090909090909,53369229043654090752
50000000000000.0,13013013013.013012,0.509090909090909,53369268597855068160
50000000000000.0,13018018018.018017,0.509090909090909,53369308156270772224
50000000000000.0,13023023023.023024,0.509090909090909,53369347718903816192
50000000000000.0,13028028028.028028,0.509090909090909,53369387285753389056
50000000000000.0,13033033033.033033,0.509090909090909,53369426856819548160
50000000000000.0,13038038038.038038,0.509090909090909,53369466432106381312
50000000000000.0,13043043043.043043,0.509090909090909,53369506011611938816
50000000000000.0,13048048048.048048,0.509090909090909,53369545595336900608
50000000000000.0,13053053053.053053,0.509090909090909,53369585183283707904
50000000000000.0,13058058058.058058,0.509090909090909,53369624775451688960
50000000000000.0,13063063063.063063,0.509090909090909,53369664371842588672
50000000000000.0,13068068068.068068,0.509090909090909,53369703972458094592
50000000000000.0,13073073073.073072,0.509090909090909,53369743577297395712
50000000000000.0,13078078078.078077,0.509090909090909,53369783186362556416
50000000000000.0,13083083083.083084,0.509090909090909,53369822799652765696
50000000000000.0,13088088088.088089,0.509090909090909,53369862417170481152
50000000000000.0,13093093093.093094,0.509090909090909,53369902038916268032
50000000000000.0,13098098098.098099,0.509090909090909,53369941664892305408
50000000000000.0,13103103103.103104,0.509090909090909,53369981295096299520
50000000000000.0,13108108108.108109,0.509090909090909,53370020929530560512
50000000000000.0,13113113113.113113,0.509090909090909,53370060568197095424
50000000000000.0,13118118118.118118,0.509090909090909,53370100211094364160
50000000000000.0,13123123123.123123,0.509090909090909,53370139858224979968
50000000000000.0,13128128128.128128,0.509090909090909,53370179509589131264
50000000000000.0,13133133133.133133,0.509090909090909,53370219165187907584
50000000000000.0,13138138138.138138,0.509090909090909,53370258825022038016
50000000000000.0,13143143143.143143,0.509090909090909,53370298489093726208
50000000000000.0,13148148148.148148,0.509090909090909,53370338157400506368
50000000000000.0,13153153153.153152,0.509090909090909,53370377829945843712
50000000000000.0,13158158158.158157,0.509090909090909,53370417506729541632
50000000000000.0,13163163163.163162,0.509090909090909,53370457187752648704
50000000000000.0,13168168168.168167,0.509090909090909,53370496873015959552
50000000000000.0,13173173173.173172,0.509090909090909,53370536562521456640
50000000000000.0,13178178178.178177,0.509090909090909,53370576256268312576
50000000000000.0,13183183183.183184,0.509090909090909,53370615954256887808
50000000000000.0,13188188188.188189,0.509090909090909,53370655656489877504
50000000000000.0,13193193193.193193,0.509090909090909,53370695362967568384
50000000000000.0,13198198198.198198,0.509090909090909,53370735073690796032
50000000000000.0,13203203203.203203,0.509090909090909,53370774788659683328
50000000000000.0,13208208208.208208,0.509090909090909,53370814507875139584
50000000000000.0,13213213213.213213,0.509090909090909,53370854231338483712
50000000000000.0,13218218218.218218,0.509090909090909,53370893959050690560
50000000000000.0,13223223223.223223,0.509090909090909,53370933691012038656
50000000000000.0,13228228228.228228,0.509090909090909,53370973427223175168
50000000000000.0,13233233233.233232,0.509090909090909,53371013167685902336
50000000000000.0,13238238238.23824,0.509090909090909,53371052912400711680
50000000000000.0,13243243243.243244,0.509090909090909,53371092661367070720
50000000000000.0,13248248248.24825,0.509090909090909,53371132414587731968
50000000000000.0,13253253253.253254,0.509090909090909,53371172172062490624
50000000000000.0,13258258258.258259,0.509090909090909,53371211933791387648
50000000000000.0,13263263263.263264,0.509090909090909,53371251699776970752
50000000000000.0,13268268268.268269,0.509090909090909,53371291470019149824
50000000000000.0,13273273273.273273,0.509090909090909,53371331244518572032
50000000000000.0,13278278278.278278,0.509090909090909,53371371023275819008
50000000000000.0,13283283283.283283,0.509090909090909,53371410806293291008
50000000000000.0,13288288288.288288,0.509090909090909,53371450593569619968
50000000000000.0,13293293293.293293,0.509090909090909,53371490385106878464
50000000000000.0,13298298298.298298,0.509090909090909,53371530180905943040
50000000000000.0,13303303303.303303,0.509090909090909,53371569980967247872
50000000000000.0,13308308308.308308,0.509090909090909,53371609785291333632
50000000000000.0,13313313313.313313,0.509090909090909,53371649593880182784
50000000000000.0,13318318318.318317,0.509090909090909,53371689406732926976
50000000000000.0,13323323323.323322,0.509090909090909,53371729223851720704
50000000000000.0,13328328328.328327,0.509090909090909,53371769045236228096
50000000000000.0,13333333333.333332,0.509090909090909,53371808870888906752
50000000000000.0,13338338338.338339,0.509090909090909,53371848700808413184
50000000000000.0,13343343343.343344,0.509090909090909,53371888534997180416
50000000000000.0,13348348348.348349,0.509090909090909,53371928373455634432
50000000000000.0,13353353353.353354,0.509090909090909,53371968216184152064
50000000000000.0,13358358358.358358,0.509090909090909,53372008063183765504
50000000000000.0,13363363363.363363,0.509090909090909,53372047914455719936
50000000000000.0,13368368368.368368,0.509090909090909,53372087769999777792
50000000000000.0,13373373373.373373,0.509090909090909,53372127629818183680
50000000000000.0,13378378378.378378,0.509090909090909,53372167493910757376
50000000000000.0,13383383383.383383,0.509090909090909,53372207362278014976
50000000000000.0,13388388388.388388,0.509090909090909,53372247234921136128
50000000000000.0,13393393393.393393,0.509090909090909,53372287111841071104
50000000000000.0,13398398398.3984,0.509090909090909,53372326993038843904
50000000000000.0,13403403403.403404,0.509090909090909,53372366878514487296
50000000000000.0,13408408408.40841,0.509090909090909,53372406768270032896
50000000000000.0,13413413413.413414,0.509090909090909,53372446662304473088
50000000000000.0,13418418418.418419,0.509090909090909,53372486560619806720
50000000000000.0,13423423423.423424,0.509090909090909,53372526463217459200
50000000000000.0,13428428428.428429,0.509090909090909,53372566370096545792
50000000000000.0,13433433433.433434,0.509090909090909,53372606281258696704
50000000000000.0,13438438438.438438,0.509090909090909,53372646196705075200
50000000000000.0,13443443443.443443,0.509090909090909,53372686116435689472
50000000000000.0,13448448448.448448,0.509090909090909,53372726040451809280
50000000000000.0,13453453453.453453,0.509090909090909,53372765968754081792
50000000000000.0,13458458458.458458,0.509090909090909,53372805901343236096
50000000000000.0,13463463463.463463,0.509090909090909,53372845838220894208
50000000000000.0,13468468468.468468,0.509090909090909,53372885779386777600
50000000000000.0,13473473473.473473,0.509090909090909,53372925724841459712
50000000000000.0,13478478478.478477,0.509090909090909,53372965674586456064
50000000000000.0,13483483483.483482,0.509090909090909,53373005628622315520
50000000000000.0,13488488488.488487,0.509090909090909,53373045586950070272
50000000000000.0,13493493493.493494,0.509090909090909,53373085549570990080
50000000000000.0,13498498498.498499,0.509090909090909,53373125516484296704
50000000000000.0,13503503503.503504,0.509090909090909,53373165487691497472
50000000000000.0,13508508508.508509,0.509090909090909,53373205463193952256
50000000000000.0,13513513513.513514,0.509090909090909,53373245442991505408
50000000000000.0,13518518518.518518,0.509090909090909,53373285427086385152
50000000000000.0,13523523523.523523,0.509090909090909,53373325415477149696
50000000000000.0,13528528528.528528,0.509090909090909,53373365408165912576
50000000000000.0,13533533533.533533,0.509090909090909,53373405405154246656
50000000000000.0,13538538538.538538,0.509090909090909,53373445406441070592
50000000000000.0,13543543543.543543,0.509090909090909,53373485412028768256
50000000000000.0,13548548548.548548,0.509090909090909,53373525421916913664
50000000000000.0,13553553553.553555,0.509090909090909,53373565436107603968
50000000000000.0,13558558558.55856,0.509090909090909,53373605454599790592
50000000000000.0,13563563563.563564,0.509090909090909,53373645477397078016
50000000000000.0,13568568568.56857,0.509090909090909,53373685504496992256
50000000000000.0,13573573573.573574,0.509090909090909,53373725535901777920
50000000000000.0,13578578578.578579,0.509090909090909,53373765571612606464
50000000000000.0,13583583583.583584,0.509090909090909,53373805611629002752
50000000000000.0,13588588588.588589,0.509090909090909,53373845655953670144
50000000000000.0,13593593593.593594,0.509090909090909,53373885704585994240
50000000000000.0,13598598598.598598,0.509090909090909,53373925757526499328
50000000000000.0,13603603603.603603,0.509090909090909,53373965814777774080
50000000000000.0,13608608608.608608,0.509090909090909,53374005876338647040
50000000000000.0,13613613613.613613,0.509090909090909,53374045942210019328
50000000000000.0,13618618618.618618,0.509090909090909,53374086012393242624
50000000000000.0,13623623623.623623,0.509090909090909,53374126086888710144
50000000000000.0,13628628628.628628,0.509090909090909,53374166165698109440
50000000000000.0,13633633633.633633,0.509090909090909,53374206248821448704
50000000000000.0,13638638638.638638,0.509090909090909,53374246336260284416
50000000000000.0,13643643643.643642,0.509090909090909,53374286428013977600
50000000000000.0,13648648648.64865,0.509090909090909,53374326524082782208
50000000000000.0,13653653653.653654,0.509090909090909,53374366624470073344
50000000000000.0,13658658658.658659,0.509090909090909,53374406729174917120
50000000000000.0,13663663663.663664,0.509090909090909,53374446838198870016
50000000000000.0,13668668668.668669,0.509090909090909,53374486951541858304
50000000000000.0,13673673673.673674,0.509090909090909,53374527069204832256
50000000000000.0,13678678678.678679,0.509090909090909,53374567191188848640
50000000000000.0,13683683683.683683,0.509090909090909,53374607317494112256
50000000000000.0,13688688688.688688,0.509090909090909,53374647448122089472
50000000000000.0,13693693693.693693,0.509090909090909,53374687583074213888
50000000000000.0,13698698698.698698,0.509090909090909,53374727722349281280
50000000000000.0,13703703703.703703,0.509090909090909,53374767865949216768
50000000000000.0,13708708708.70871,0.509090909090909,53374808013875380224
50000000000000.0,13713713713.713715,0.509090909090909,53374848166127108096
50000000000000.0,13718718718.71872,0.509090909090909,53374888322704883712
50000000000000.0,13723723723.723724,0.509090909090909,53374928483611697152
50000000000000.0,13728728728.72873,0.509090909090909,53374968648845565952
50000000000000.0,13733733733.733734,0.509090909090909,53375008818409127936
50000000000000.0,13738738738.738739,0.509090909090909,53375048992303308800
50000000000000.0,13743743743.743744,0.509090909090909,53375089170526986240
50000000000000.0,13748748748.748749,0.509090909090909,53375129353082413056
50000000000000.0,13753753753.753754,0.509090909090909,53375169539971276800
50000000000000.0,13758758758.758759,0.509090909090909,53375209731191676928
50000000000000.0,13763763763.763763,0.509090909090909,53375249926746513408
50000000000000.0,13768768768.768768,0.509090909090909,53375290126634942464
50000000000000.0,13773773773.773773,0.509090909090909,53375330330859405312
50000000000000.0,13778778778.778778,0.509090909090909,53375370539418787840
50000000000000.0,13783783783.783783,0.509090909090909,53375410752315834368
50000000000000.0,13788788788.788788,0.509090909090909,53375450969549217792
50000000000000.0,13793793793.793793,0.509090909090909,53375491191121731584
50000000000000.0,13798798798.798798,0.509090909090909,53375531417033900032
50000000000000.0,13803803803.803802,0.509090909090909,53375571647283896320
50000000000000.0,13808808808.80881,0.509090909090909,53375611881874341888
50000000000000.0,13813813813.813814,0.509090909090909,53375652120806719488
50000000000000.0,13818818818.818819,0.509090909090909,53375692364080996352
50000000000000.0,13823823823.823824,0.509090909090909,53375732611697639424
50000000000000.0,13828828828.828829,0.509090909090909,53375772863656665088
50000000000000.0,13833833833.833834,0.509090909090909,53375813119963070464
50000000000000.0,13838838838.838839,0.509090909090909,53375853380611948544
50000000000000.0,13843843843.843843,0.509090909090909,53375893645605167104
50000000000000.0,13848848848.848848,0.509090909090909,53375933914945429504
50000000000000.0,13853853853.853853,0.509090909090909,53375974188633194496
50000000000000.0,13858858858.858858,0.509090909090909,53376014466667339776
50000000000000.0,13863863863.863865,0.509090909090909,53376054749051707392
50000000000000.0,13868868868.86887,0.509090909090909,53376095035784601600
50000000000000.0,13873873873.873875,0.509090909090909,53376135326867505152
50000000000000.0,13878878878.87888,0.509090909090909,53376175622301081600
50000000000000.0,13883883883.883884,0.509090909090909,53376215922085953536
50000000000000.0,13888888888.88889,0.509090909090909,53376256226222874624
50000000000000.0,13893893893.893894,0.509090909090909,53376296534713950208
50000000000000.0,13898898898.8989,0.509090909090909,53376336847557058560
50000000000000.0,13903903903.903904,0.509090909090909,53376377164754903040
50000000000000.0,13908908908.908909,0.509090909090909,53376417486307614720
50000000000000.0,13913913913.913914,0.509090909090909,53376457812216020992
50000000000000.0,13918918918.918919,0.509090909090909,53376498142482481152
50000000000000.0,13923923923.923923,0.509090909090909,53376538477104693248
50000000000000.0,13928928928.928928,0.509090909090909,53376578816084910080
50000000000000.0,13933933933.933933,0.509090909090909,53376619159426433024
50000000000000.0,13938938938.938938,0.509090909090909,53376659507124715520
50000000000000.0,13943943943.943943,0.509090909090909,53376699859182813184
50000000000000.0,13948948948.948948,0.509090909090909,53376740215602020352
50000000000000.0,13953953953.953953,0.509090909090909,53376780576382812160
50000000000000.0,13958958958.958958,0.509090909090909,53376820941527343104
50000000000000.0,13963963963.963964,0.509090909090909,53376861311035056128
50000000000000.0,13968968968.96897,0.509090909090909,53376901684906213376
50000000000000.0,13973973973.973974,0.509090909090909,53376942063140438016
50000000000000.0,13978978978.97898,0.509090909090909,53376982445741195264
50000000000000.0,13983983983.983984,0.509090909090909,53377022832706428928
50000000000000.0,13988988988.988989,0.509090909090909,53377063224039800832
50000000000000.0,13993993993.993994,0.509090909090909,53377103619740327936
50000000000000.0,13998998998.998999,0.509090909090909,53377144019809042432
50000000000000.0,14004004004.004004,0.509090909090909,53377184424245043200
50000000000000.0,14009009009.009008,0.509090909090909,53377224833052123136
50000000000000.0,14014014014.014013,0.509090909090909,53377265246227890176
50000000000000.0,14019019019.019018,0.509090909090909,53377305663776063488
50000000000000.0,14024024024.024025,0.509090909090909,53377346085696487424
50000000000000.0,14029029029.02903,0.509090909090909,53377386511988572160
50000000000000.0,14034034034.034035,0.509090909090909,53377426942652104704
50000000000000.0,14039039039.03904,0.509090909090909,53377467377691140096
50000000000000.0,14044044044.044044,0.509090909090909,53377507817104408576
50000000000000.0,14049049049.04905,0.509090909090909,53377548260893057024
50000000000000.0,14054054054.054054,0.509090909090909,53377588709057609728
50000000000000.0,14059059059.05906,0.509090909090909,53377629161597181952
50000000000000.0,14064064064.064064,0.509090909090909,53377669618517442560
50000000000000.0,14069069069.069069,0.509090909090909,53377710079814025216
50000000000000.0,14074074074.074074,0.509090909090909,53377750545489510400
50000000000000.0,14079079079.079079,0.509090909090909,53377791015544348672
50000000000000.0,14084084084.084084,0.509090909090909,53377831489979342848
50000000000000.0,14089089089.089088,0.509090909090909,53377871968795344896
50000000000000.0,14094094094.094093,0.509090909090909,53377912451992838144
50000000000000.0,14099099099.099098,0.509090909090909,53377952939574525952
50000000000000.0,14104104104.104103,0.509090909090909,53377993431537344512
50000000000000.0,14109109109.109108,0.509090909090909,53378033927883964416
50000000000000.0,14114114114.114113,0.509090909090909,53378074428615049216
50000000000000.0,14119119119.11912,0.509090909090909,53378114933729476608
50000000000000.0,14124124124.124125,0.509090909090909,53378155443234930688
50000000000000.0,14129129129.12913,0.509090909090909,53378195957121343488
50000000000000.0,14134134134.134134,0.509090909090909,53378236475398971392
50000000000000.0,14139139139.13914,0.509090909090909,53378276998062866432
50000000000000.0,14144144144.144144,0.509090909090909,53378317525116837888
50000000000000.0,14149149149.149149,0.509090909090909,53378358056556945408
50000000000000.0,14154154154.154154,0.509090909090909,53378398592389996544
50000000000000.0,14159159159.159159,0.509090909090909,53378439132613738496
50000000000000.0,14164164164.164164,0.509090909090909,53378479677227163648
50000000000000.0,14169169169.169168,0.509090909090909,53378520226234146816
50000000000000.0,14174174174.174173,0.509090909090909,53378560779633942528
50000000000000.0,14179179179.17918,0.509090909090909,53378601337428033536
50000000000000.0,14184184184.184185,0.509090909090909,53378641899615240192
50000000000000.0,14189189189.18919,0.509090909090909,53378682466197430272
50000000000000.0,14194194194.194195,0.509090909090909,53378723037175013376
50000000000000.0,14199199199.1992,0.509090909090909,53378763612550422528
50000000000000.0,14204204204.204205,0.509090909090909,53378804192322691072
50000000000000.0,14209209209.20921,0.509090909090909,53378844776491081728
50000000000000.0,14214214214.214214,0.509090909090909,53378885365059149824
50000000000000.0,14219219219.21922,0.509090909090909,53378925958026231808
50000000000000.0,14224224224.224224,0.509090909090909,53378966555392999424
50000000000000.0,14229229229.229229,0.509090909090909,53379007157160198144
50000000000000.0,14234234234.234234,0.509090909090909,53379047763328417792
50000000000000.0,14239239239.239239,0.509090909090909,53379088373899894784
50000000000000.0,14244244244.244244,0.509090909090909,53379128988873654272
50000000000000.0,14249249249.249249,0.509090909090909,53379169608247787520
50000000000000.0,14254254254.254253,0.509090909090909,53379210232028577792
50000000000000.0,14259259259.259258,0.509090909090909,53379250860213968896
50000000000000.0,14264264264.264263,0.509090909090909,53379291492804575232
50000000000000.0,14269269269.269268,0.509090909090909,53379332129800953856
50000000000000.0,14274274274.274275,0.509090909090909,53379372771203514368
50000000000000.0,14279279279.27928,0.509090909090909,53379413417015205888
50000000000000.0,14284284284.284285,0.509090909090909,53379454067232178176
50000000000000.0,14289289289.28929,0.509090909090909,53379494721860542464
50000000000000.0,14294294294.294294,0.509090909090909,53379535380898267136
50000000000000.0,14299299299.2993,0.509090909090909,53379576044347301888
50000000000000.0,14304304304.304304,0.509090909090909,53379616712203034624
50000000000000.0,14309309309.309309,0.509090909090909,53379657384474132480
50000000000000.0,14314314314.314314,0.509090909090909,53379698061153525760
50000000000000.0,14319319319.319319,0.509090909090909,53379738742250790912
50000000000000.0,14324324324.324326,0.509090909090909,53379779427759022080
50000000000000.0,14329329329.32933,0.509090909090909,53379820117680037888
50000000000000.0,14334334334.334335,0.509090909090909,53379860812019744768
50000000000000.0,14339339339.33934,0.509090909090909,53379901510771056640
50000000000000.0,14344344344.344345,0.509090909090909,53379942213941174272
50000000000000.0,14349349349.34935,0.509090909090909,53379982921526886400
50000000000000.0,14354354354.354355,0.509090909090909,53380023633531256832
50000000000000.0,14359359359.35936,0.509090909090909,53380064349955244032
50000000000000.0,14364364364.364365,0.509090909090909,53380105070796742656
50000000000000.0,14369369369.36937,0.509090909090909,53380145796056588288
50000000000000.0,14374374374.374374,0.509090909090909,53380186525739237376
50000000000000.0,14379379379.37938,0.509090909090909,53380227259842854912
50000000000000.0,14384384384.384384,0.509090909090909,53380267998365351936
50000000000000.0,14389389389.389389,0.509090909090909,53380308741312864256
50000000000000.0,14394394394.394394,0.509090909090909,53380349488682065920
50000000000000.0,14399399399.399399,0.509090909090909,53380390240478248960
50000000000000.0,14404404404.404404,0.509090909090909,53380430996694327296
50000000000000.0,14409409409.409409,0.509090909090909,53380471757339787264
50000000000000.0,14414414414.414413,0.509090909090909,53380512522407714816
50000000000000.0,14419419419.419418,0.509090909090909,53380553291903909888
50000000000000.0,14424424424.424423,0.509090909090909,53380594065825316864
50000000000000.0,14429429429.429428,0.509090909090909,53380634844176285696
50000000000000.0,14434434434.434433,0.509090909090909,53380675626955587584
50000000000000.0,14439439439.439438,0.509090909090909,53380716414162903040
50000000000000.0,14444444444.444445,0.509090909090909,53380757205801426944
50000000000000.0,14449449449.44945,0.509090909090909,53380798001868931072
50000000000000.0,14454454454.454454,0.509090909090909,53380838802369544192
50000000000000.0,14459459459.45946,0.509090909090909,53380879607300833280
50000000000000.0,14464464464.464464,0.509090909090909,53380920416664363008
50000000000000.0,14469469469.46947,0.509090909090909,53380961230460960768
50000000000000.0,14474474474.474474,0.509090909090909,53381002048691273728
50000000000000.0,14479479479.479479,0.509090909090909,53381042871357972480
50000000000000.0,14484484484.484486,0.509090909090909,53381083698457755648
50000000000000.0,14489489489.48949,0.509090909090909,53381124529993392128
50000000000000.0,14494494494.494495,0.509090909090909,53381165365967142912
50000000000000.0,14499499499.4995,0.509090909090909,53381206206375985152
50000000000000.0,14504504504.504505,0.509090909090909,53381247051225546752
50000000000000.0,14509509509.50951,0.509090909090909,53381287900510445568
50000000000000.0,14514514514.514515,0.509090909090909,53381328754236628992
50000000000000.0,14519519519.51952,0.509090909090909,53381369612400517120
50000000000000.0,14524524524.524525,0.509090909090909,53381410475006394368
50000000000000.0,14529529529.52953,0.509090909090909,53381451342052261888
50000000000000.0,14534534534.534534,0.509090909090909,53381492213540872192
50000000000000.0,14539539539.53954,0.509090909090909,53381533089471922176
50000000000000.0,14544544544.544544,0.509090909090909,53381573969845936128
50000000000000.0,14549549549.54955,0.509090909090909,53381614854663462912
50000000000000.0,14554554554.554554,0.509090909090909,53381655743926263808
50000000000000.0,14559559559.559559,0.509090909090909,53381696637634420736
50000000000000.0,14564564564.564564,0.509090909090909,53381737535785041920
50000000000000.0,14569569569.569569,0.509090909090909,53381778438385491968
50000000000000.0,14574574574.574574,0.509090909090909,53381819345431232512
50000000000000.0,14579579579.579578,0.509090909090909,53381860256925335552
50000000000000.0,14584584584.584583,0.509090909090909,53381901172867334144
50000000000000.0,14589589589.589588,0.509090909090909,53381942093258801152
50000000000000.0,14594594594.594593,0.509090909090909,53381983018100588544
50000000000000.0,14599599599.5996,0.509090909090909,53382023947390722048
50000000000000.0,14604604604.604605,0.509090909090909,53382064881133690880
50000000000000.0,14609609609.60961,0.509090909090909,53382105819326685184
50000000000000.0,14614614614.614614,0.509090909090909,53382146761973383168
50000000000000.0,14619619619.61962,0.509090909090909,53382187709072859136
50000000000000.0,14624624624.624624,0.509090909090909,53382228660625563648
50000000000000.0,14629629629.62963,0.509090909090909,53382269616631824384
50000000000000.0,14634634634.634634,0.509090909090909,53382310577094516736
50000000000000.0,14639639639.63964,0.509090909090909,53382351542011731968
50000000000000.0,14644644644.644646,0.509090909090909,53382392511385026560
50000000000000.0,14649649649.64965,0.509090909090909,53382433485216145408
50000000000000.0,14654654654.654655,0.509090909090909,53382474463502852096
50000000000000.0,14659659659.65966,0.509090909090909,53382515446249209856
50000000000000.0,14664664664.664665,0.509090909090909,53382556433453522944
50000000000000.0,14669669669.66967,0.509090909090909,53382597425117995008
50000000000000.0,14674674674.674675,0.509090909090909,53382638421242077184
50000000000000.0,14679679679.67968,0.509090909090909,53382679421826490368
50000000000000.0,14684684684.684685,0.509090909090909,53382720426873528320
50000000000000.0,14689689689.68969,0.509090909090909,53382761436380979200
50000000000000.0,14694694694.694695,0.509090909090909,53382802450353217536
50000000000000.0,14699699699.6997,0.509090909090909,53382843468786040832
50000000000000.0,14704704704.704704,0.509090909090909,53382884491684724736
50000000000000.0,14709709709.70971,0.509090909090909,53382925519046918144
50000000000000.0,14714714714.714714,0.509090909090909,53382966550875127808
50000000000000.0,14719719719.719719,0.509090909090909,53383007587168903168
50000000000000.0,14724724724.724724,0.509090909090909,53383048627929014272
50000000000000.0,14729729729.729729,0.509090909090909,53383089673155862528
50000000000000.0,14734734734.734734,0.509090909090909,53383130722850848768
50000000000000.0,14739739739.739738,0.509090909090909,53383171777014202368
50000000000000.0,14744744744.744743,0.509090909090909,53383212835647307776
50000000000000.0,14749749749.749748,0.509090909090909,53383253898750369792
50000000000000.0,14754754754.754755,0.509090909090909,53383294966322126848
50000000000000.0,14759759759.75976,0.509090909090909,53383336038365437952
50000000000000.0,14764764764.764765,0.509090909090909,53383377114880524288
50000000000000.0,14769769769.76977,0.509090909090909,53383418195868295168
50000000000000.0,14774774774.774775,0.509090909090909,53383459281329356800
50000000000000.0,14779779779.77978,0.509090909090909,53383500371262726144
50000000000000.0,14784784784.784784,0.509090909090909,53383541465670574080
50000000000000.0,14789789789.78979,0.509090909090909,53383582564552753152
50000000000000.0,14794794794.794796,0.509090909090909,53383623667911245824
50000000000000.0,14799799799.7998,0.509090909090909,53383664775746371584
50000000000000.0,14804804804.804806,0.509090909090909,53383705888056049664
50000000000000.0,14809809809.80981,0.509090909090909,53383747004844802048
50000000000000.0,14814814814.814816,0.509090909090909,53383788126110441472
50000000000000.0,14819819819.81982,0.509090909090909,53383829251856351232
50000000000000.0,14824824824.824825,0.509090909090909,53383870382079451136
50000000000000.0,14829829829.82983,0.509090909090909,53383911516783288320
50000000000000.0,14834834834.834835,0.509090909090909,53383952655968182272
50000000000000.0,14839839839.83984,0.509090909090909,53383993799633772544
50000000000000.0,14844844844.844845,0.509090909090909,53384034947780362240
50000000000000.0,14849849849.84985,0.509090909090909,53384076100409753600
50000000000000.0,14854854854.854855,0.509090909090909,53384117257522839552
50000000000000.0,14859859859.85986,0.509090909090909,53384158419118227456
50000000000000.0,14864864864.864864,0.509090909090909,53384199585199415296
50000000000000.0,14869869869.86987,0.509090909090909,53384240755764060160
50000000000000.0,14874874874.874874,0.509090909090909,53384281930815709184
50000000000000.0,14879879879.879879,0.509090909090909,53384323110352125952
50000000000000.0,14884884884.884884,0.509090909090909,53384364294376849408
50000000000000.0,14889889889.889889,0.509090909090909,53384405482887036928
50000000000000.0,14894894894.894894,0.509090909090909,53384446675886383104
50000000000000.0,14899899899.899899,0.509090909090909,53384487873373700096
50000000000000.0,14904904904.904903,0.509090909090909,53384529075351339008
50000000000000.0,14909909909.909908,0.509090909090909,53384570281818046464
50000000000000.0,14914914914.914915,0.509090909090909,53384611492775575552
50000000000000.0,14919919919.91992,0.509090909090909,53384652708223926272
50000000000000.0,14924924924.924925,0.509090909090909,53384693928164392960
50000000000000.0,14929929929.92993,0.509090909090909,53384735152597188608
50000000000000.0,14934934934.934935,0.509090909090909,53384776381522714624
50000000000000.0,14939939939.93994,0.509090909090909,53384817614941347840
50000000000000.0,14944944944.944944,0.509090909090909,53384858852855201792
50000000000000.0,14949949949.949951,0.509090909090909,53384900095263588352
50000000000000.0,14954954954.954956,0.509090909090909,53384941342167678976
50000000000000.0,14959959959.95996,0.509090909090909,53384982593567637504
50000000000000.0,14964964964.964966,0.509090909090909,53385023849464340480
50000000000000.0,14969969969.96997,0.509090909090909,53385065109858459648
50000000000000.0,14974974974.974976,0.509090909090909,53385106374749921280
50000000000000.0,14979979979.97998,0.509090909090909,53385147644140183552
50000000000000.0,14984984984.984985,0.509090909090909,53385188918029516800
50000000000000.0,14989989989.98999,0.509090909090909,53385230196420018176
50000000000000.0,14994994994.994995,0.509090909090909,53385271479308877824
50000000000000.0,15000000000.0,0.509090909090909,53385312766700470272
